City_ID,City,Country,Date,Lat,Lng,Max Temp,Humidity,Cloudiness,Wind Speed
0,Albany,US,2022-09-27 05:39:44,42.6001,-73.9662,53.73,88,10,4.59
1,Esperance,AU,2022-09-27 05:39:44,-33.8667,121.9,64.17,60,0,10.36
2,Rikitea,PF,2022-09-27 05:39:45,-23.1203,-134.9692,68.43,60,68,9.46
3,Busselton,AU,2022-09-27 05:39:45,-33.65,115.3333,64.35,59,0,7.72
4,Pahrump,US,2022-09-27 05:36:30,36.2083,-115.9839,77.25,15,0,4.59
5,Tiruchchendur,IN,2022-09-27 05:39:45,8.4833,78.1167,93.49,52,6,6.08
6,Iqaluit,CA,2022-09-27 05:36:42,63.7506,-68.5145,40.73,80,100,15.01
7,Zhuhai,CN,2022-09-27 05:39:46,22.2769,113.5678,95.86,74,40,17.27
8,Vaini,TO,2022-09-27 05:39:46,-21.2,-175.2,75.36,88,75,10.36
9,Keflavik,IS,2022-09-27 05:39:47,64.0049,-22.5624,41.43,65,0,3.44
10,Jamestown,US,2022-09-27 05:36:07,42.097,-79.2353,53.51,69,100,9.22
11,Avarua,CK,2022-09-27 05:39:47,-21.2078,-159.775,77.05,94,94,4.61
12,Atuona,PF,2022-09-27 05:39:47,-9.8,-139.0333,77.29,76,40,21.74
13,Ushuaia,AR,2022-09-27 05:39:47,-54.8,-68.3,31.73,93,78,6.38
14,Fairview,US,2022-09-27 05:36:42,40.8126,-73.999,69.01,58,100,9.22
15,Rio Grande,BR,2022-09-27 05:39:48,-32.035,-52.0986,57.72,91,0,8.77
16,Anqiu,CN,2022-09-27 05:39:48,36.4342,119.1925,78.58,37,74,5.48
17,Puerto Ayora,EC,2022-09-27 05:39:48,-0.7393,-90.3518,65.55,94,98,5.99
18,Laguna,US,2022-09-27 05:39:49,38.421,-121.4238,76.44,66,0,5.75
19,Clyde River,CA,2022-09-27 05:39:49,70.4692,-68.5914,34.03,100,100,17.27
20,Lebu,CL,2022-09-27 05:39:49,-37.6167,-73.65,49.05,95,73,13.53
21,Sovetskiy,RU,2022-09-27 05:39:50,61.3614,63.5842,35.38,54,88,9.17
22,Thompson,CA,2022-09-27 05:39:14,55.7435,-97.8558,32.16,86,40,0.0
23,Qaanaaq,GL,2022-09-27 05:39:50,77.484,-69.3632,28.27,90,87,5.48
24,Port Alfred,ZA,2022-09-27 05:39:50,-33.5906,26.891,60.19,98,100,8.99
25,Mataura,NZ,2022-09-27 05:39:51,-46.1927,168.8643,55.47,95,100,2.06
26,Anadyr,RU,2022-09-27 05:39:51,64.75,177.4833,36.1,64,20,6.71
27,Geraldton,AU,2022-09-27 05:39:51,-28.7667,114.6,81.01,22,0,6.91
28,Bluff,NZ,2022-09-27 05:39:52,-46.6,168.3333,53.98,90,100,6.13
29,Hilo,US,2022-09-27 05:39:52,19.7297,-155.09,77.29,90,40,1.99
30,Kapaa,US,2022-09-27 05:39:52,22.0752,-159.319,82.38,81,40,12.66
31,Tasiilaq,GL,2022-09-27 05:39:53,65.6145,-37.6368,41.16,96,100,2.89
32,Punta Arenas,CL,2022-09-27 05:39:53,-53.15,-70.9167,42.91,75,0,12.66
33,Carballo,ES,2022-09-27 05:39:53,43.213,-8.691,59.86,94,59,2.93
34,Saint George,US,2022-09-27 05:39:54,37.1041,-113.5841,79.39,26,0,1.01
35,Kudahuvadhoo,MV,2022-09-27 05:39:54,2.6708,72.8944,81.77,77,64,14.43
36,Hithadhoo,MV,2022-09-27 05:39:54,-0.6,73.0833,82.35,73,96,14.83
37,Waitati,NZ,2022-09-27 05:39:55,-45.75,170.5667,53.8,85,99,3.58
38,Coolum Beach,AU,2022-09-27 05:39:55,-26.5333,153.1,74.34,77,93,11.34
39,Castro,BR,2022-09-27 05:39:55,-24.7911,-50.0119,54.9,98,100,0.6
40,Ancud,CL,2022-09-27 05:39:55,-41.8697,-73.8203,42.22,86,19,6.13
41,Ust-Maya,RU,2022-09-27 05:39:56,60.4167,134.5333,35.19,96,100,2.71
42,Yellowknife,CA,2022-09-27 05:39:56,62.456,-114.3525,54.12,54,100,16.11
43,Torbay,CA,2022-09-27 05:39:56,47.6666,-52.7314,65.28,95,100,14.97
44,Rio Gallegos,AR,2022-09-27 05:40:17,-51.6226,-69.2181,42.85,61,100,16.11
45,Chuy,UY,2022-09-27 05:40:57,-33.6971,-53.4616,53.64,97,8,5.61
46,Hermanus,ZA,2022-09-27 05:40:57,-34.4187,19.2345,57.87,74,3,2.82
47,Tommot,RU,2022-09-27 05:40:57,58.9564,126.2925,42.73,47,85,7.74
48,Langham,CA,2022-09-27 05:40:58,52.3668,-106.9679,53.02,54,60,7.58
49,Isangel,VU,2022-09-27 05:40:58,-19.55,169.2667,79.03,77,48,6.98
50,Kharian,PK,2022-09-27 05:40:58,32.8149,73.8636,85.75,51,0,2.21
51,Nikolskoye,RU,2022-09-27 05:40:59,59.7035,30.7861,49.91,85,96,3.87
52,Cape Town,ZA,2022-09-27 05:38:21,-33.9258,18.4232,58.37,82,0,8.05
53,Bambous Virieux,MU,2022-09-27 05:39:14,-20.3428,57.7575,77.22,68,75,12.66
54,Barrow,US,2022-09-27 05:40:59,71.2906,-156.7887,30.22,74,100,12.66
55,Bridlington,GB,2022-09-27 05:41:00,54.0831,-0.1919,41.9,78,48,16.02
56,Roald,NO,2022-09-27 05:41:00,62.5833,6.1333,50.16,93,75,3.44
57,New Norfolk,AU,2022-09-27 05:39:19,-42.7826,147.0587,61.72,69,85,1.01
58,Sao Gabriel Da Cachoeira,BR,2022-09-27 05:41:00,-0.1303,-67.0892,72.57,91,49,1.21
59,Kahului,US,2022-09-27 05:41:01,20.8947,-156.47,80.62,70,20,16.11
60,Bandarbeyla,SO,2022-09-27 05:41:01,9.4942,50.8122,85.55,61,14,18.05
61,Cockburn Town,TC,2022-09-27 05:36:38,21.4612,-71.1419,82.4,79,40,20.02
62,Bathsheba,BB,2022-09-27 05:41:02,13.2167,-59.5167,81.21,83,40,12.66
63,Airai,TL,2022-09-27 05:41:02,-8.9266,125.4092,75.02,49,97,1.03
64,Bengkulu,ID,2022-09-27 05:41:03,-3.8004,102.2655,84.34,71,88,10.07
65,Victoria,HK,2022-09-27 05:41:03,22.2855,114.1577,91.45,70,52,11.01
66,Taoudenni,ML,2022-09-27 05:41:03,22.6783,-3.9836,90.48,23,55,0.89
67,Shellbrook,CA,2022-09-27 05:38:28,53.2168,-106.4011,40.23,57,45,5.79
68,Arman,RU,2022-09-27 05:41:04,59.7,150.1667,46.02,62,100,11.21
69,Kuandian,CN,2022-09-27 05:41:04,40.7286,124.7847,73.26,52,0,4.59
70,Los Algarrobos,PA,2022-09-27 05:41:04,8.5,-82.4333,73.33,95,99,2.01
71,San Pedro,PH,2022-09-27 05:41:05,14.35,121.0167,92.43,71,40,6.91
72,Deputatskiy,RU,2022-09-27 05:41:05,69.3,139.9,23.07,96,100,6.46
73,Quatre Cocos,MU,2022-09-27 05:41:05,-20.2078,57.7625,77.09,61,59,15.28
74,Ahipara,NZ,2022-09-27 05:41:06,-35.1667,173.1667,60.33,81,29,12.48
75,Sao Filipe,CV,2022-09-27 05:41:06,14.8961,-24.4956,75.92,77,49,4.21
76,Mahibadhoo,MV,2022-09-27 05:41:06,3.7833,72.9667,82.98,70,58,14.99
77,Puerto Baquerizo Moreno,EC,2022-09-27 05:41:07,-0.9,-89.6,67.28,84,100,11.88
78,Batagay-Alyta,RU,2022-09-27 05:41:07,67.8006,130.4114,28.15,75,99,4.27
79,Poum,NC,2022-09-27 05:41:07,-20.2333,164.0167,78.49,71,1,8.32
80,Upernavik,GL,2022-09-27 05:41:07,72.7868,-56.1549,37.09,76,100,8.9
81,Khatanga,RU,2022-09-27 05:41:08,71.9667,102.5,30.99,91,84,11.16
82,Panama City,PA,2022-09-27 05:41:08,8.9936,-79.5197,78.75,90,100,10.36
83,Lewistown,US,2022-09-27 05:39:13,40.5992,-77.5714,55.87,87,0,0.0
84,Ukiah,US,2022-09-27 05:41:09,39.1502,-123.2078,70.65,66,0,0.0
85,San Patricio,US,2022-09-27 05:41:09,28.017,-97.5169,84.83,38,19,11.05
86,Bredasdorp,ZA,2022-09-27 05:41:09,-34.5322,20.0403,57.36,72,1,3.42
87,Mao,ES,2022-09-27 05:41:09,39.8885,4.2658,70.36,68,40,10.36
88,Biak,ID,2022-09-27 05:41:10,-0.9131,122.8766,84.0,58,73,3.51
89,Baruun-Urt,MN,2022-09-27 05:42:10,46.6806,113.2792,78.82,13,41,18.43
90,Saldanha,ZA,2022-09-27 05:42:11,-33.0117,17.9442,44.65,82,0,8.16
91,Norman Wells,CA,2022-09-27 05:42:11,65.282,-126.8329,44.64,87,75,4.61
92,Tuktoyaktuk,CA,2022-09-27 05:42:11,69.4541,-133.0374,32.0,80,75,20.71
93,Riyadh,SA,2022-09-27 05:42:12,24.6877,46.7219,80.74,14,0,12.1
94,Oskaloosa,US,2022-09-27 05:42:12,41.2964,-92.6444,50.32,87,75,5.75
95,Mar Del Plata,AR,2022-09-27 05:42:12,-38.0023,-57.5575,56.08,96,100,4.61
96,Bonthe,SL,2022-09-27 05:42:13,7.5264,-12.505,72.97,92,72,3.42
97,San Carlos De Bariloche,AR,2022-09-27 05:42:13,-41.1456,-71.3082,35.35,75,0,9.22
98,Yar-Sale,RU,2022-09-27 05:42:13,66.8333,70.8333,33.12,68,100,16.93
99,Dalirig,PH,2022-09-27 05:42:14,8.3772,124.9014,82.4,81,62,2.48
100,Rehoboth,NA,2022-09-27 05:42:14,-23.3167,17.0833,64.22,10,85,5.7
101,Lagoa,PT,2022-09-27 05:42:14,39.05,-27.9833,69.62,71,100,19.8
102,Mahebourg,MU,2022-09-27 05:42:15,-20.4081,57.7,77.25,68,75,12.66
103,Codrington,AU,2022-09-27 05:42:15,-38.2667,141.9667,54.68,93,97,16.49
104,Saint Anthony,US,2022-09-27 05:42:15,45.0205,-93.218,51.42,74,0,0.0
105,Butaritari,KI,2022-09-27 05:42:16,3.0707,172.7902,82.31,71,62,16.04
106,Ponta Do Sol,PT,2022-09-27 05:42:16,32.6667,-17.1,68.63,77,38,6.69
107,Marsh Harbour,BS,2022-09-27 05:42:16,26.5412,-77.0636,80.76,78,100,11.36
108,Khandyga,RU,2022-09-27 05:42:17,62.6667,135.6,39.72,90,100,2.73
109,Pevek,RU,2022-09-27 05:42:17,69.7008,170.3133,30.9,75,52,5.19
110,Northam,GB,2022-09-27 05:42:17,51.0333,-4.2167,55.62,78,96,22.93
111,Xining,CN,2022-09-27 05:42:18,36.6167,101.7667,67.8,47,100,5.01
112,Faya,SA,2022-09-27 05:42:18,18.3851,42.4509,68.11,22,53,9.95
113,Ivaipora,BR,2022-09-27 05:42:18,-24.2478,-51.6847,58.28,98,100,4.74
114,Zhigansk,RU,2022-09-27 05:42:19,66.7697,123.3711,33.51,78,100,9.44
115,Port Hueneme,US,2022-09-27 05:42:19,34.1478,-119.1951,85.24,92,0,9.22
116,Hobart,AU,2022-09-27 05:39:59,-42.8794,147.3294,62.06,72,69,2.98
117,Alice Springs,AU,2022-09-27 05:42:19,-23.7,133.8833,68.22,50,98,16.11
118,Yashkul,RU,2022-09-27 05:42:20,46.1711,45.3435,67.66,65,81,14.45
119,Chinhoyi,ZW,2022-09-27 05:42:20,-17.3667,30.2,79.34,29,0,11.92
120,Kindu,CD,2022-09-27 05:42:20,-2.95,25.95,74.32,83,97,1.12
121,Dobryanka,RU,2022-09-27 05:42:21,58.4619,56.4165,34.16,64,44,6.6
122,Asyut,EG,2022-09-27 05:42:21,27.181,31.1837,80.78,19,0,7.02
123,Buri,BR,2022-09-27 05:42:21,-23.7975,-48.5928,58.86,97,100,3.53
124,Saint-Philippe,RE,2022-09-27 05:42:22,-21.3585,55.7679,76.59,63,27,12.35
125,Dikson,RU,2022-09-27 05:42:22,73.5069,80.5464,31.82,73,96,12.24
126,Paita,PE,2022-09-27 05:42:22,-5.0892,-81.1144,62.38,82,92,12.19
127,Stephenville,US,2022-09-27 05:41:51,32.2207,-98.2023,70.16,43,0,5.75
128,Black Diamond,US,2022-09-27 05:42:23,47.3087,-122.0032,66.79,73,1,3.74
129,Vaitape,PF,2022-09-27 05:42:23,-16.5167,-151.75,78.49,72,11,17.81
130,Takoradi,GH,2022-09-27 05:42:23,4.8845,-1.7554,74.08,93,99,6.06
131,Klaksvik,FO,2022-09-27 05:42:24,62.2266,-6.589,47.32,79,99,25.55
132,Sitka,US,2022-09-27 05:42:24,57.0531,-135.33,53.49,94,100,12.66
133,Namibe,AO,2022-09-27 05:43:24,-15.1961,12.1522,65.03,71,93,2.71
134,Abu Dhabi,AE,2022-09-27 05:41:25,24.4667,54.3667,93.31,68,0,4.61
135,Erenhot,CN,2022-09-27 05:43:25,43.6475,111.9767,83.01,10,0,21.74
136,Xalatlaco,MX,2022-09-27 05:43:25,19.1789,-99.4175,54.99,92,96,4.59
137,Bethel,US,2022-09-27 05:41:04,41.3712,-73.414,63.54,84,100,0.0
138,Tazovskiy,RU,2022-09-27 05:43:25,67.4667,78.7,32.13,63,29,13.51
139,Carnarvon,AU,2022-09-27 05:43:26,-24.8667,113.6333,78.75,32,4,11.21
140,Urumqi,CN,2022-09-27 05:43:26,43.801,87.6005,81.55,16,0,4.47
141,Minna,NG,2022-09-27 05:43:26,9.6139,6.5569,70.12,98,80,3.85
142,Leningradskiy,RU,2022-09-27 05:43:27,69.3833,178.4167,28.53,81,98,3.78
143,Mossendjo,CG,2022-09-27 05:43:27,-2.9506,12.7261,70.03,92,98,4.0
144,Taga,RO,2022-09-27 05:43:27,46.95,24.05,54.32,95,98,1.95
145,Mogadishu,SO,2022-09-27 05:43:28,2.0371,45.3438,82.27,69,40,14.97
146,Te Anau,NZ,2022-09-27 05:43:28,-45.4167,167.7167,53.56,87,100,0.72
147,Tessalit,ML,2022-09-27 05:43:28,20.1986,1.0114,86.34,17,5,5.39
148,Cidreira,BR,2022-09-27 05:43:28,-30.1811,-50.2056,63.86,83,52,6.33
149,Saskylakh,RU,2022-09-27 05:43:29,71.9167,114.0833,34.66,67,100,14.61
150,Liusha,CN,2022-09-27 05:43:29,27.2098,108.59,83.62,42,8,5.55
151,Nuuk,GL,2022-09-27 05:43:29,64.1835,-51.7216,45.21,81,100,18.41
152,Lucea,JM,2022-09-27 05:43:30,18.451,-78.1736,79.86,84,99,11.7
153,Husavik,IS,2022-09-27 05:43:30,66.0449,-17.3389,38.25,56,96,6.26
154,Honningsvag,NO,2022-09-27 05:43:30,70.9821,25.9704,47.95,71,100,11.5
155,Arraial Do Cabo,BR,2022-09-27 05:43:31,-22.9661,-42.0278,67.84,93,100,14.56
156,Longyearbyen,SJ,2022-09-27 05:41:42,78.2186,15.6401,37.24,87,0,6.91
157,Nouadhibou,MR,2022-09-27 05:43:31,20.931,-17.0347,75.18,88,0,13.8
158,Auki,SB,2022-09-27 05:43:31,-8.7676,160.7034,80.58,83,63,3.29
159,Brownwood,US,2022-09-27 05:41:34,31.7093,-98.9912,66.2,30,0,5.44
160,Presidencia Roque Saenz Pena,AR,2022-09-27 05:43:32,-26.7852,-60.4388,62.98,65,5,7.85
161,Aklavik,CA,2022-09-27 05:43:32,68.2191,-135.0107,30.92,91,100,10.27
162,Mahanoro,MG,2022-09-27 05:43:32,-19.9,48.8,75.22,57,2,2.71
163,San Antonio,US,2022-09-27 05:39:36,29.4241,-98.4936,79.25,34,0,16.11
164,Shymkent,KZ,2022-09-27 05:43:33,42.3,69.6,64.99,30,0,8.95
165,Karratha,AU,2022-09-27 05:43:33,-20.7377,116.8463,88.0,20,10,9.26
166,Souillac,MU,2022-09-27 05:43:33,-20.5167,57.5167,73.78,68,75,12.66
167,Lake Charles,US,2022-09-27 05:43:34,30.2131,-93.2044,71.58,55,0,9.22
168,Aracaju,BR,2022-09-27 05:43:34,-10.9111,-37.0717,76.95,69,0,6.91
169,Kaitangata,NZ,2022-09-27 05:43:34,-46.2817,169.8464,52.23,89,100,2.95
170,Katsuura,JP,2022-09-27 05:43:35,35.1333,140.3,75.06,73,21,17.05
171,Monticello,US,2022-09-27 05:43:35,45.3055,-93.7941,52.57,88,100,0.0
172,Mazagao,BR,2022-09-27 05:43:35,-0.115,-51.2894,78.85,92,7,3.89
173,Ketchikan,US,2022-09-27 05:43:36,55.3422,-131.6461,61.27,88,100,11.5
174,Palmer,US,2022-09-27 05:43:36,42.1584,-72.3287,59.41,87,100,0.0
175,Ilulissat,GL,2022-09-27 05:39:07,69.2167,-51.1,39.22,93,100,1.14
176,Comodoro Rivadavia,AR,2022-09-27 05:43:36,-45.8667,-67.5,48.06,43,0,25.32
177,Mocuba,MZ,2022-09-27 05:43:37,-16.8392,36.9856,88.48,31,0,7.58
178,Portland,US,2022-09-27 05:39:23,45.5234,-122.6762,72.39,69,0,4.61
179,Vao,NC,2022-09-27 05:43:37,-22.6667,167.4833,74.08,77,0,7.58
180,Mehamn,NO,2022-09-27 05:44:37,71.0357,27.8492,44.55,87,0,3.44
181,Vangaindrano,MG,2022-09-27 05:44:38,-23.35,47.6,73.09,66,8,9.66
182,Fehergyarmat,HU,2022-09-27 05:44:38,47.9833,22.5167,55.51,92,93,1.54
183,Rosita,NI,2022-09-27 05:44:38,13.9268,-84.4032,73.94,100,100,1.57
184,Divnomorskoye,RU,2022-09-27 05:44:39,44.5011,38.1353,70.63,61,100,11.14
185,Saint-Francois,FR,2022-09-27 05:44:39,46.4154,3.9054,49.44,93,75,6.91
186,Sur,OM,2022-09-27 05:44:39,22.5667,59.5289,87.13,55,3,2.15
187,Tuatapere,NZ,2022-09-27 05:44:40,-46.1333,167.6833,57.33,79,100,3.15
188,Grand Gaube,MU,2022-09-27 05:44:40,-20.0064,57.6608,77.38,55,35,7.0
189,Port Lincoln,AU,2022-09-27 05:40:03,-34.7333,135.8667,55.78,56,52,15.99
190,Hofn,IS,2022-09-27 05:44:40,64.2539,-15.2082,40.68,58,22,19.15
191,Ulaanbaatar,MN,2022-09-27 05:44:40,47.9077,106.8832,68.13,19,0,8.95
192,Batemans Bay,AU,2022-09-27 05:44:41,-35.7167,150.1833,64.09,72,100,8.28
193,Capreol,CA,2022-09-27 05:43:33,46.706,-80.9225,52.56,87,75,11.5
194,Vardo,NO,2022-09-27 05:44:41,70.3705,31.1107,46.38,93,100,4.61
195,Amahai,ID,2022-09-27 05:44:42,-3.3333,128.9167,82.56,76,96,5.59
196,Hommelvik,NO,2022-09-27 05:44:42,63.4108,10.7942,55.36,61,75,6.91
197,Lhokseumawe,ID,2022-09-27 05:44:42,5.1801,97.1507,85.75,64,99,7.31
198,Gimli,CA,2022-09-27 05:44:43,50.6336,-96.9907,51.82,58,15,13.8
199,Sao Joao Da Barra,BR,2022-09-27 05:44:43,-21.6403,-41.0511,70.54,89,100,13.4
200,Cabo San Lucas,MX,2022-09-27 05:40:13,22.8909,-109.9124,82.62,87,4,9.69
201,Puerto Madero,MX,2022-09-27 05:44:43,14.7208,-92.4215,77.31,89,99,10.51
202,Kayes,ML,2022-09-27 05:44:44,14.0,-11.0,73.49,92,67,5.12
203,Atar,MR,2022-09-27 05:44:44,20.5169,-13.0499,83.05,61,42,4.94
204,Kedougou,SN,2022-09-27 05:44:44,12.5579,-12.1743,71.6,97,100,1.39
205,Manati,PR,2022-09-27 05:44:45,18.4275,-66.4921,78.87,96,1,5.17
206,Milkovo,RU,2022-09-27 05:44:45,54.7167,158.6167,40.59,96,100,1.81
207,Artvin,TR,2022-09-27 05:44:45,41.1667,41.8333,70.86,34,3,5.1
208,Kondinskoye,RU,2022-09-27 05:44:45,59.6481,67.41,34.3,56,97,11.9
209,Campina Verde,BR,2022-09-27 05:44:46,-19.5356,-49.4864,69.71,87,96,8.63
210,Adwa,ET,2022-09-27 05:44:46,14.1646,38.8955,71.58,39,52,2.51
211,Provideniya,RU,2022-09-27 05:44:46,64.3833,-173.3,41.36,93,100,7.0
212,Lorengau,PG,2022-09-27 05:44:47,-2.0226,147.2712,84.99,69,74,8.46
213,Faanui,PF,2022-09-27 05:44:47,-16.4833,-151.75,78.51,72,14,17.9
214,Teeli,RU,2022-09-27 05:44:47,51.0333,90.2333,71.4,21,89,9.17
215,Guerrero Negro,MX,2022-09-27 05:44:47,27.9769,-114.0611,74.07,81,0,8.12
216,Silvan,TR,2022-09-27 05:44:48,38.1419,41.0081,57.49,13,0,0.51
217,Rajshahi,BD,2022-09-27 05:44:48,24.3667,88.6,90.45,57,73,3.53
218,Nalut,LY,2022-09-27 05:44:48,30.3333,10.85,82.62,24,8,8.12
219,Tiksi,RU,2022-09-27 05:44:49,71.6872,128.8694,32.38,89,100,21.99
220,Haines Junction,CA,2022-09-27 05:44:49,60.7522,-137.5108,48.15,49,100,10.36
221,Altay,CN,2022-09-27 05:44:49,47.8667,88.1167,66.07,36,97,6.31
222,Antofagasta,CL,2022-09-27 05:43:25,-23.65,-70.4,56.48,81,44,4.14
223,Dundee,GB,2022-09-27 05:44:50,56.5,-2.9667,44.38,80,75,9.22
224,Chimbote,PE,2022-09-27 05:44:48,-9.0853,-78.5783,60.04,89,81,9.06
225,Inuvik,CA,2022-09-27 05:44:50,68.3499,-133.7218,31.21,96,100,14.97
226,Okitipupa,NG,2022-09-27 05:44:50,6.5047,4.7839,72.21,98,99,0.94
227,Porto Velho,BR,2022-09-27 05:45:10,-8.7619,-63.9039,77.05,94,0,1.14
228,Sangin,AF,2022-09-27 05:45:51,32.0728,64.8359,83.75,5,0,1.97
229,Pacific Grove,US,2022-09-27 05:41:12,36.6177,-121.9166,60.48,90,100,8.99
230,Coihaique,CL,2022-09-27 05:45:51,-45.5752,-72.0662,42.75,61,40,4.61
231,Moranbah,AU,2022-09-27 05:45:52,-22.0016,148.0466,88.48,30,9,1.48
232,Berlevag,NO,2022-09-27 05:45:52,70.8578,29.0864,44.6,87,0,0.0
233,Vrangel,RU,2022-09-27 05:45:52,42.7297,133.0839,66.34,73,0,7.11
234,Kamen-Na-Obi,RU,2022-09-27 05:45:53,53.7884,81.3423,38.7,94,100,4.34
235,Socorro,US,2022-09-27 05:45:53,31.6546,-106.3033,79.48,46,20,5.75
236,Salvador,SV,2022-09-27 05:44:25,13.8333,-88.9167,70.2,98,100,0.16
237,East London,ZA,2022-09-27 05:45:53,-33.0153,27.9116,61.74,100,100,18.41
238,Nichinan,JP,2022-09-27 05:45:54,31.6,131.3667,76.68,81,86,5.32
239,Cukai,MY,2022-09-27 05:45:54,4.25,103.4167,91.35,63,100,3.11
240,Carbonia,IT,2022-09-27 05:45:54,39.1672,8.5222,59.65,64,21,8.66
241,Sakaiminato,JP,2022-09-27 05:45:55,35.55,133.2333,66.13,100,75,5.75
242,Half Moon Bay,US,2022-09-27 05:45:55,37.4636,-122.4286,60.71,89,100,13.8
243,Laukaa,RU,2022-09-27 05:45:55,58.7372,29.8453,42.87,86,9,4.85
244,Ribeira Grande,PT,2022-09-27 05:45:55,38.5167,-28.7,70.3,70,100,12.44
245,Kiunga,PG,2022-09-27 05:45:56,-6.1219,141.2906,91.35,48,75,1.77
246,Padang,ID,2022-09-27 05:45:56,-0.9492,100.3543,86.05,76,98,5.1
247,Statesville,US,2022-09-27 05:45:56,35.7826,-80.8873,61.83,51,0,0.0
248,San Cristobal,VE,2022-09-27 05:45:57,7.7669,-72.225,73.58,91,52,1.63
249,Saint-Pierre,RE,2022-09-27 05:45:57,-21.3393,55.4781,76.68,53,0,8.05
250,Port Elizabeth,ZA,2022-09-27 05:45:57,-33.918,25.5701,64.09,93,100,18.41
251,Mandurah,AU,2022-09-27 05:45:06,-32.55,115.7,67.91,69,0,9.55
252,Shimoda,JP,2022-09-27 05:45:58,34.6667,138.95,79.16,67,7,12.44
253,Touros,BR,2022-09-27 05:45:58,-5.1989,-35.4608,73.11,85,28,12.86
254,Thunder Bay,CA,2022-09-27 05:44:16,48.4001,-89.3168,44.58,65,100,10.36
255,Vestmannaeyjar,IS,2022-09-27 05:45:58,63.4427,-20.2734,46.17,50,100,3.69
256,Wattegama,LK,2022-09-27 05:45:59,6.7989,81.4808,95.41,40,22,0.4
257,Zhezkazgan,KZ,2022-09-27 05:45:59,47.8043,67.7144,62.58,36,40,20.13
258,Barrhead,GB,2022-09-27 05:41:28,55.7992,-4.3929,47.84,82,75,8.05
259,Vilyuysk,RU,2022-09-27 05:45:59,63.7553,121.6247,34.07,68,97,6.42
260,Rurrenabaque,BO,2022-09-27 05:46:00,-14.4413,-67.5278,71.42,92,77,2.42
261,Kodiak,US,2022-09-27 05:46:00,57.79,-152.4072,42.31,87,20,5.75
262,Sirsi,IN,2022-09-27 05:46:00,14.6167,74.85,82.44,55,97,1.92
263,Kabala,SL,2022-09-27 05:46:01,9.5833,-11.55,67.35,99,100,1.97
264,Harlingen,US,2022-09-27 05:41:57,26.1906,-97.6961,75.11,97,0,10.36
265,Kavaratti,IN,2022-09-27 05:46:01,10.5669,72.642,81.28,77,34,14.81
266,Labuan,MY,2022-09-27 05:46:01,5.2767,115.2417,82.76,83,20,1.14
267,Yunhe,CN,2022-09-27 05:46:02,34.0833,119.7167,77.68,44,97,7.25
268,Dingle,PH,2022-09-27 05:46:02,10.9995,122.6711,83.3,77,100,13.78
269,Road Town,VG,2022-09-27 05:46:02,18.4167,-64.6167,82.24,77,3,18.43
270,Beringovskiy,RU,2022-09-27 05:46:03,63.05,179.3167,35.98,97,100,18.45
271,Dunedin,NZ,2022-09-27 05:45:22,-45.8742,170.5036,53.8,85,100,4.0
272,Margara,AM,2022-09-27 05:47:03,40.0335,44.1771,63.77,24,0,0.69
273,Acarau,BR,2022-09-27 05:47:03,-2.8856,-40.12,77.61,81,18,14.54
274,Clinton,US,2022-09-27 05:46:07,42.587,-82.9199,54.95,84,100,13.8
275,Belaya Gora,RU,2022-09-27 05:47:04,68.5333,146.4167,34.11,60,90,12.1
276,Nome,US,2022-09-27 05:47:04,64.5011,-165.4064,42.87,82,75,3.44
277,Maragogi,BR,2022-09-27 05:47:05,-9.0122,-35.2225,72.77,79,9,8.25
278,Grindavik,IS,2022-09-27 05:47:05,63.8424,-22.4338,41.47,65,0,4.61
279,Itoman,JP,2022-09-27 05:47:05,26.1247,127.6694,88.57,76,75,12.66
280,Wanaka,NZ,2022-09-27 05:42:33,-44.7,169.15,55.35,74,100,3.42
281,Cairns,AU,2022-09-27 05:47:06,-16.9167,145.7667,90.07,57,4,6.91
282,Schwerin,DE,2022-09-27 05:47:06,53.6294,11.4132,50.14,96,100,5.99
283,Port Hedland,AU,2022-09-27 05:47:06,-20.3167,118.5667,93.25,10,6,10.36
284,Conceicao Da Barra,BR,2022-09-27 05:47:07,-18.5933,-39.7322,72.97,88,97,4.61
285,Aguimes,ES,2022-09-27 05:47:07,27.9054,-15.4461,68.67,83,75,10.36
286,San Vicente,AR,2022-09-27 05:47:07,-26.6167,-54.1333,59.32,98,87,1.63
287,Plattsburgh,US,2022-09-27 05:45:35,44.6995,-73.4529,58.05,88,68,9.46
288,Verkhnevilyuysk,RU,2022-09-27 05:47:08,63.4453,120.3167,34.09,66,99,6.44
289,Salalah,OM,2022-09-27 05:47:08,17.0151,54.0924,80.69,89,75,5.75
290,Victor Harbor,AU,2022-09-27 05:47:09,-35.5667,138.6167,53.67,82,79,17.13
291,Norrtalje,SE,2022-09-27 05:47:09,59.758,18.705,56.01,88,100,7.63
292,Hermiston,US,2022-09-27 05:46:13,45.8404,-119.2895,72.68,55,0,0.0
293,Energetik,RU,2022-09-27 05:47:09,51.7445,58.7934,51.91,60,81,14.61
294,General Roca,AR,2022-09-27 05:47:10,-39.0333,-67.5833,53.62,44,1,11.65
295,Tiznit,MA,2022-09-27 05:47:10,29.5833,-9.5,66.15,74,63,1.7
296,Kungurtug,RU,2022-09-27 05:47:11,50.5994,97.5228,66.38,26,76,6.96
297,Gamboma,CG,2022-09-27 05:47:11,-1.8764,15.8644,75.02,83,93,3.09
298,Yumen,CN,2022-09-27 05:47:11,40.2833,97.2,77.72,13,18,13.33
299,Xique-Xique,BR,2022-09-27 05:47:11,-10.8218,-42.7263,74.01,56,6,17.52
300,Omboue,GA,2022-09-27 05:47:12,-1.5746,9.2618,75.43,88,100,5.57
301,Douentza,ML,2022-09-27 05:47:12,14.9951,-2.9517,80.24,64,100,5.99
302,Miri,MY,2022-09-27 05:47:12,4.4148,114.0089,86.14,70,40,5.75
303,Lavrentiya,RU,2022-09-27 05:47:13,65.5833,-171.0,38.32,93,95,9.82
304,Broken Hill,AU,2022-09-27 05:47:13,-31.95,141.4333,62.8,37,5,24.16
305,Barra Dos Coqueiros,BR,2022-09-27 05:46:27,-10.9089,-37.0386,77.02,69,0,6.91
306,Antalaha,MG,2022-09-27 05:47:14,-14.9003,50.2788,70.83,86,55,13.2
307,Puerto Gaitan,CO,2022-09-27 05:47:15,4.3133,-72.0816,77.81,76,11,5.61
308,Walvis Bay,NA,2022-09-27 05:47:15,-22.9575,14.5053,53.1,76,75,5.75
309,Salinas,US,2022-09-27 05:45:24,36.6777,-121.6555,59.92,84,100,4.61
310,Tambacounda,SN,2022-09-27 05:47:15,13.7539,-13.7586,73.45,100,40,4.61
311,Okhotsk,RU,2022-09-27 05:47:16,59.3833,143.3,44.22,63,100,9.15
312,Yulin,CN,2022-09-27 05:47:16,22.6333,110.15,90.21,51,52,12.75
313,Iwanai,JP,2022-09-27 05:47:17,42.9744,140.5089,71.29,59,83,3.15
314,Carroll,US,2022-09-27 05:47:17,39.5501,-77.0164,61.92,63,97,5.99
315,Gold Coast,AU,2022-09-27 05:45:22,-28.0,153.4333,75.99,67,75,21.85
316,Iskateley,RU,2022-09-27 05:48:17,67.6803,53.1512,34.45,51,100,8.84
317,Margate,GB,2022-09-27 05:48:18,51.3813,1.3862,49.69,80,41,7.0
318,Kruisfontein,ZA,2022-09-27 05:48:18,-34.0033,24.7314,61.88,93,100,18.41
319,Emirdag,TR,2022-09-27 05:48:18,39.0197,31.15,68.85,19,85,3.27
320,Vilhena,BR,2022-09-27 05:45:41,-12.7406,-60.1458,72.34,78,79,3.8
321,Itarema,BR,2022-09-27 05:48:19,-2.9248,-39.9167,77.67,80,20,14.23
322,Cacoal,BR,2022-09-27 05:48:19,-11.4386,-61.4472,82.74,49,85,3.65
323,Pires Do Rio,BR,2022-09-27 05:48:19,-17.2997,-48.2794,74.79,54,77,0.65
324,Camacha,PT,2022-09-27 05:48:20,33.0833,-16.3333,65.62,64,40,9.22
325,Ponta Delgada,PT,2022-09-27 05:46:41,37.7333,-25.6667,67.5,82,75,5.75
326,Axim,GH,2022-09-27 05:48:20,4.8699,-2.2405,74.93,91,100,6.93
327,Coquimbo,CL,2022-09-27 05:48:20,-29.9533,-71.3436,51.53,93,20,3.44
328,Pauini,BR,2022-09-27 05:48:21,-7.7136,-66.9764,77.2,62,80,2.37
329,Pirovskoye,RU,2022-09-27 05:48:21,57.6267,92.2658,39.79,53,80,4.12
330,Huarmey,PE,2022-09-27 05:48:21,-10.0681,-78.1522,60.4,88,68,10.2
331,Sanming,CN,2022-09-27 05:48:22,26.2486,117.6186,96.26,34,4,4.81
332,Hambantota,LK,2022-09-27 05:48:22,6.1241,81.1185,93.54,52,20,12.66
333,Ampanihy,MG,2022-09-27 05:48:22,-24.7,44.75,84.63,34,0,6.2
334,Olafsvik,IS,2022-09-27 05:48:23,64.8945,-23.7142,43.66,51,100,7.83
335,Hailar,CN,2022-09-27 05:48:23,49.2,119.7,73.78,18,81,20.67
336,Talnakh,RU,2022-09-27 05:48:23,69.4865,88.3972,34.21,64,20,2.28
337,Campbellton,CA,2022-09-27 05:48:24,48.0075,-66.6727,52.25,99,72,2.64
338,Mittagong,AU,2022-09-27 05:48:24,-34.45,150.45,59.85,85,92,3.38
339,Lesnikovo,RU,2022-09-27 05:48:24,55.2822,65.3175,33.3,81,91,13.31
340,Sfantu Gheorghe,RO,2022-09-27 05:48:24,45.8667,25.7833,55.27,89,100,0.43
341,Kaabong,UG,2022-09-27 05:48:25,3.4836,34.1492,70.83,57,29,16.04
342,Necochea,AR,2022-09-27 05:48:25,-38.5473,-58.7368,50.34,87,51,10.63
343,Chokurdakh,RU,2022-09-27 05:48:25,70.6333,147.9167,31.64,62,99,11.07
344,El Campo,US,2022-09-27 05:48:26,29.1966,-96.2697,75.85,49,0,6.91
345,Saint-Georges,GD,2022-09-27 05:48:26,12.0564,-61.7485,82.08,83,20,11.5
346,Tarnogskiy Gorodok,RU,2022-09-27 05:48:26,60.4997,43.5761,40.14,88,100,7.09
347,Nurota,UZ,2022-09-27 05:48:27,40.5614,65.6886,70.95,21,0,13.27
348,Teguldet,RU,2022-09-27 05:48:27,57.3064,88.1667,37.99,63,99,6.2
349,Alexandria,EG,2022-09-27 05:44:16,31.2156,29.9553,73.94,67,0,6.6
350,Aiken,US,2022-09-27 05:45:21,33.5835,-81.5998,63.37,73,0,3.44
351,Bamnet Narong,TH,2022-09-27 05:48:27,15.4992,101.6897,84.72,68,98,4.09
352,Broome,US,2022-09-27 05:48:28,42.2506,-75.833,53.02,77,0,11.5
353,San Rafael,AR,2022-09-27 05:48:28,-34.6177,-68.3301,58.42,44,98,9.1
354,Dhidhdhoo,MV,2022-09-27 05:48:28,6.8833,73.1,82.38,71,3,14.9
355,Buxar,IN,2022-09-27 05:48:29,25.5833,83.9833,90.68,55,3,3.44
356,Venado Tuerto,AR,2022-09-27 05:48:29,-33.7456,-61.9688,53.76,46,76,5.57
357,Raudeberg,NO,2022-09-27 05:48:29,61.9875,5.1352,45.95,1,100,6.91
358,Teo,ES,2022-09-27 05:48:30,42.75,-8.5,59.34,89,75,0.0
359,Pemangkat,ID,2022-09-27 05:48:30,1.1667,108.9667,83.61,71,96,6.8
360,Namatanai,PG,2022-09-27 05:48:31,-3.6667,152.4333,83.8,67,53,11.27
361,Georgetown,MY,2022-09-27 05:46:18,5.4112,100.3354,85.95,78,20,3.44
362,Chake Chake,TZ,2022-09-27 05:49:31,-5.2459,39.7666,78.03,66,98,9.13
363,San Jose,US,2022-09-27 05:45:31,37.3394,-121.895,62.31,84,75,8.05
364,Bilibino,RU,2022-09-27 05:49:31,68.0546,166.4372,25.29,66,65,1.72
365,High Level,CA,2022-09-27 05:49:32,58.5169,-117.136,57.31,62,0,5.75
366,Komsomolskiy,UZ,2022-09-27 05:49:32,40.4272,71.7189,77.72,25,0,6.91
367,Rantepao,ID,2022-09-27 05:49:32,-2.9701,119.8978,83.62,47,56,5.28
368,Medeiros Neto,BR,2022-09-27 05:49:33,-17.3739,-40.2206,67.44,98,49,2.15
369,Miandrivazo,MG,2022-09-27 05:49:33,-19.5167,45.4667,85.24,41,0,1.68
370,Rio Novo,BR,2022-09-27 05:49:33,-21.4575,-43.1253,71.04,87,97,2.35
371,Concepcion,CL,2022-09-27 05:49:34,-36.827,-73.0498,48.0,93,46,5.75
372,Nekrasovka,RU,2022-09-27 05:49:34,48.3525,135.2325,59.02,30,0,15.66
373,Fortuna,US,2022-09-27 05:49:34,40.5982,-124.1573,57.34,90,36,0.98
374,Samut Prakan,TH,2022-09-27 05:49:34,13.5,100.45,90.05,71,88,5.26
375,Curico,CL,2022-09-27 05:49:35,-34.9833,-71.2333,48.31,76,100,4.61
376,Kuruman,ZA,2022-09-27 05:49:35,-27.4524,23.4325,68.5,25,82,16.17
377,Ulcinj,ME,2022-09-27 05:49:35,41.9294,19.2244,63.99,82,75,5.35
378,Sal Rei,CV,2022-09-27 05:49:36,16.1833,-22.9167,78.44,71,42,8.7
379,Fairbanks,US,2022-09-27 05:49:11,64.8378,-147.7164,41.59,88,100,4.61
380,Mount Gambier,AU,2022-09-27 05:49:36,-37.8333,140.7667,57.18,67,29,12.5
381,Poya,NC,2022-09-27 05:49:36,-21.35,165.15,77.43,68,7,8.63
382,Ewa Beach,US,2022-09-27 05:49:37,21.3156,-158.0072,80.55,63,0,12.66
383,Petropavlovsk-Kamchatskiy,RU,2022-09-27 05:49:37,53.0452,158.6483,48.79,93,100,11.18
384,Nanortalik,GL,2022-09-27 05:49:37,60.1432,-45.2371,44.19,90,100,11.88
385,Manono,CD,2022-09-27 05:49:38,-7.3,27.4167,81.27,36,97,3.67
386,Rudbar,AF,2022-09-27 05:49:38,30.15,62.6,80.4,26,0,14.83
387,Hamilton,US,2022-09-27 05:45:08,39.1834,-84.5333,54.73,75,20,8.05
388,Gejiu,CN,2022-09-27 05:49:38,23.306,103.1635,69.69,57,25,4.32
389,Jardim,BR,2022-09-27 05:49:39,-21.4803,-56.1381,68.07,91,62,5.73
390,Suntar,RU,2022-09-27 05:49:39,62.1444,117.6319,35.37,61,98,8.88
391,Kargasok,RU,2022-09-27 05:49:39,59.0556,80.8572,34.43,56,100,4.74
392,Saint-Augustin,CA,2022-09-27 05:49:40,51.226,-58.6502,55.65,98,100,15.43
393,Vila Velha,BR,2022-09-27 05:48:05,-20.3297,-40.2925,73.35,93,100,2.3
394,Muscat,OM,2022-09-27 05:46:46,23.6139,58.5922,87.82,66,3,5.39
395,Druzhba,UA,2022-09-27 05:49:40,52.0428,33.9453,51.03,95,100,9.08
396,Ambilobe,MG,2022-09-27 05:49:41,-13.2,49.05,85.87,35,5,13.0
397,Cauquenes,CL,2022-09-27 05:47:31,-35.9671,-72.3225,46.09,93,0,4.14
398,Zeya,RU,2022-09-27 05:49:41,53.75,127.2667,38.93,98,100,8.55
399,Aleksandrov Gay,RU,2022-09-27 05:49:41,50.147,48.5704,56.41,47,91,1.23
400,Muzaffarpur,IN,2022-09-27 05:49:42,26.1167,85.4,90.59,51,17,2.75
401,Tupiza,BO,2022-09-27 05:49:42,-21.45,-65.7167,40.77,9,0,6.29
402,Kisangani,CD,2022-09-27 05:49:42,0.5167,25.2,72.55,94,100,2.57
403,Cherskiy,RU,2022-09-27 05:49:42,68.75,161.3,32.76,54,9,5.06
404,Sioux Lookout,CA,2022-09-27 05:49:43,50.1001,-91.917,35.67,75,20,5.75
405,Muros,ES,2022-09-27 05:49:43,42.7762,-9.0603,58.15,93,53,5.44
406,La Ronge,CA,2022-09-27 05:49:44,55.1001,-105.2842,44.85,76,0,0.0
407,Bhopal,IN,2022-09-27 05:49:44,23.2667,77.4,84.43,61,40,8.05
408,Ugento,IT,2022-09-27 05:49:45,39.9263,18.1574,71.46,72,47,10.94
409,Montepuez,MZ,2022-09-27 05:49:45,-13.1256,38.9997,76.03,60,63,5.99
410,Da Nang,VN,2022-09-27 05:47:37,16.0678,108.2208,78.78,83,100,5.75
411,Flinders,AU,2022-09-27 05:50:45,-34.5833,150.8552,67.24,80,100,5.01
412,Tukrah,LY,2022-09-27 05:50:46,32.5341,20.5791,78.69,50,26,11.25
413,Grabovo,RU,2022-09-27 05:50:46,53.3875,45.064,48.78,72,31,5.48
414,Fort Nelson,CA,2022-09-27 05:50:46,58.8053,-122.7002,51.39,93,75,4.61
415,Aranos,NA,2022-09-27 05:50:47,-24.1333,19.1167,63.23,27,44,7.83
416,Mastic Beach,US,2022-09-27 05:50:47,40.7668,-72.8521,66.38,65,100,5.75
417,Natal,BR,2022-09-27 05:49:48,-5.795,-35.2094,79.02,83,40,9.22
418,Ojinaga,MX,2022-09-27 05:50:35,29.5667,-104.4167,74.57,56,0,11.5
419,Gondar,ET,2022-09-27 05:50:48,12.6,37.4667,65.77,56,7,3.94
420,Mahon,ES,2022-09-27 05:50:48,39.8885,4.2658,68.56,64,20,9.22
421,Esso,RU,2022-09-27 05:50:49,55.9333,158.7,36.68,100,100,4.85
422,Bomet,KE,2022-09-27 05:50:49,-0.7813,35.3416,66.04,53,7,10.13
423,Mattawa,US,2022-09-27 05:50:34,46.7379,-119.9028,53.6,29,1,5.82
424,Pisco,PE,2022-09-27 05:48:55,-13.7,-76.2167,60.85,77,100,12.66
425,Athabasca,CA,2022-09-27 05:50:50,54.7169,-113.2854,57.61,69,89,6.8
426,Tabou,CI,2022-09-27 05:50:50,4.423,-7.3528,74.39,93,100,5.44
427,Aosta,IT,2022-09-27 05:50:50,45.7667,7.4167,41.77,63,75,8.05
428,Shaunavon,CA,2022-09-27 05:50:51,49.6501,-108.4181,53.38,62,47,7.85
429,Mananum,PH,2022-09-27 05:50:51,8.8333,124.95,70.12,66,75,3.67
430,Tagusao,PH,2022-09-27 05:50:51,9.1924,117.8141,82.18,81,100,17.16
431,Dudinka,RU,2022-09-27 05:50:51,69.4058,86.1778,34.63,63,27,14.0
432,Melfi,IT,2022-09-27 05:50:52,40.9965,15.6514,59.14,88,48,8.75
433,Tucuman,AR,2022-09-27 05:50:52,-26.8241,-65.2226,59.0,63,75,1.14
434,Fort Thomas,US,2022-09-27 05:50:52,39.0751,-84.4472,54.52,72,20,8.05
435,Balaipungut,ID,2022-09-27 05:50:53,1.05,101.2833,87.06,68,100,0.72
436,Balakovo,RU,2022-09-27 05:50:53,52.0278,47.8007,52.21,60,41,3.94
437,Puerto Wilches,CO,2022-09-27 05:50:54,7.3483,-73.896,73.96,97,91,1.14
438,Faurei,RO,2022-09-27 05:50:54,45.0833,27.2667,59.79,70,100,11.99
439,San Luis,AR,2022-09-27 05:50:54,-33.295,-66.3356,58.3,44,100,7.45
440,Naze,JP,2022-09-27 05:50:55,28.3667,129.4833,85.12,72,58,8.41
441,Shar,KZ,2022-09-27 05:50:55,49.5886,81.0453,64.22,32,95,12.39
442,Bellavista,PE,2022-09-27 05:50:55,-7.0561,-76.5911,69.4,89,83,1.5
443,Koslan,RU,2022-09-27 05:50:56,63.4564,48.8989,36.54,58,99,7.18
444,Vanimo,PG,2022-09-27 05:50:56,-2.6741,141.3028,85.66,68,37,9.48
445,Platanos,GR,2022-09-27 05:50:56,37.6667,21.6167,70.45,53,86,8.46
446,Kununurra,AU,2022-09-27 05:50:56,-15.7667,128.7333,103.98,21,42,12.66
447,Harper,LR,2022-09-27 05:50:57,4.375,-7.7169,75.29,90,100,5.79
448,Abha,SA,2022-09-27 05:50:57,18.2164,42.5053,67.82,22,65,4.61
449,Pangnirtung,CA,2022-09-27 05:50:58,66.1451,-65.7125,36.95,63,27,3.83
450,Hudson Bay,CA,2022-09-27 05:50:58,52.85,-102.3842,43.18,79,12,1.95
451,Dawlatabad,AF,2022-09-27 05:50:58,36.4141,64.9053,78.91,24,0,5.26
452,Khorramshahr,IR,2022-09-27 05:50:59,30.4397,48.1664,80.56,17,0,9.22
453,Sorong,ID,2022-09-27 05:50:59,-0.8833,131.25,83.12,72,96,10.98
454,Pathein,MM,2022-09-27 05:50:59,16.7833,94.7333,85.26,73,94,7.05
455,Pitimbu,BR,2022-09-27 05:51:00,-7.4706,-34.8086,72.19,76,33,11.61
456,Villa Maria,AR,2022-09-27 05:52:00,-32.4075,-63.2402,57.09,41,75,5.06
457,Kavieng,PG,2022-09-27 05:52:00,-2.5744,150.7967,84.69,65,19,13.62
458,Burnie,AU,2022-09-27 05:49:41,-41.0667,145.9167,57.25,77,83,2.62
459,Narsaq,GL,2022-09-27 05:52:01,60.9167,-46.05,43.66,93,100,9.84
460,Eydhafushi,MV,2022-09-27 05:52:01,5.1033,73.0708,82.9,72,79,15.21
461,Saint-Joseph,RE,2022-09-27 05:52:02,-21.3667,55.6167,75.58,64,29,8.93
462,Port Augusta,AU,2022-09-27 05:52:02,-32.5,137.7667,61.14,43,46,20.62
463,Uvinza,TZ,2022-09-27 05:52:02,-5.1036,30.3911,79.34,38,93,9.42
464,Pilar,BR,2022-09-27 05:52:03,-9.5972,-35.9567,67.93,89,28,1.32
465,Luziania,BR,2022-09-27 05:52:03,-16.2525,-47.9503,71.29,54,77,4.18
466,Port Moresby,PG,2022-09-27 05:52:03,-9.4431,147.1797,87.22,70,40,17.27
467,Kautokeino,NO,2022-09-27 05:52:04,69.0125,23.0412,41.59,97,100,9.84
468,Bud,US,2022-09-27 05:52:04,39.447,-86.1758,52.05,73,54,6.58
469,Vila Franca Do Campo,PT,2022-09-27 05:52:05,37.7167,-25.4333,67.19,82,98,8.48
470,Bubaque,GW,2022-09-27 05:52:05,11.2833,-15.8333,79.25,80,100,8.14
471,Quchan,IR,2022-09-27 05:52:05,37.106,58.5095,67.71,43,0,9.6
472,Matamoros,MX,2022-09-27 05:52:06,25.5333,-103.25,72.1,56,11,15.39
473,Buala,SB,2022-09-27 05:52:06,-8.145,159.5921,80.6,80,62,4.0
474,Moyale,KE,2022-09-27 05:52:07,3.5167,39.0584,66.78,76,76,12.57
475,Anamur,TR,2022-09-27 05:52:07,36.0751,32.8369,78.35,42,0,8.34
476,Umri,IN,2022-09-27 05:52:07,26.5106,78.9367,90.45,50,1,6.08
477,Yangliuqing,CN,2022-09-27 05:52:08,39.1375,116.9997,84.15,21,77,7.81
478,Puerto Escondido,MX,2022-09-27 05:52:08,15.85,-97.0667,78.04,86,83,3.67
479,Bramming,DK,2022-09-27 05:52:09,55.4695,8.7001,48.52,100,20,2.3
480,Dali,CN,2022-09-27 05:52:09,25.7,100.1833,74.48,56,44,2.93
481,Bouna,CI,2022-09-27 05:52:10,9.2667,-3.0,67.75,95,97,3.47
482,Bonga,ET,2022-09-27 05:52:10,7.2833,36.2333,67.37,71,85,0.83
483,Solano,US,2022-09-27 05:52:10,38.2333,-121.9511,63.82,78,0,21.85
484,Kapit,MY,2022-09-27 05:52:11,2.0167,112.9333,91.36,50,89,2.62
485,Kaoma,ZM,2022-09-27 05:52:11,-14.7833,24.8,78.96,25,99,10.83
486,Graaff-Reinet,ZA,2022-09-27 05:52:12,-32.2522,24.5308,58.93,74,30,0.72
487,Troina,IT,2022-09-27 05:52:12,37.7854,14.5985,55.92,77,81,4.83
488,Noumea,NC,2022-09-27 05:51:19,-22.2763,166.4572,80.58,79,28,9.37
489,Cascais,PT,2022-09-27 05:51:10,38.6979,-9.4215,61.93,96,0,23.0
490,Doha,QA,2022-09-27 05:50:46,25.2867,51.5333,91.38,56,0,12.66
491,Sibolga,ID,2022-09-27 05:52:13,1.7427,98.7792,84.61,64,61,6.08
492,Hervey Bay,AU,2022-09-27 05:52:13,-25.2986,152.8535,71.53,67,33,14.67
493,Luanda,AO,2022-09-27 05:47:32,-8.8368,13.2343,73.4,83,75,4.61
494,Kodyma,UA,2022-09-27 05:52:14,48.0988,29.1246,54.32,93,100,1.1
495,Besancon,FR,2022-09-27 05:51:23,47.2488,6.0182,49.78,90,94,7.61
496,Spearfish,US,2022-09-27 05:47:21,44.4908,-103.8594,60.21,49,0,11.5
497,Malakal,SS,2022-09-27 05:52:14,9.5334,31.6605,75.0,81,99,1.57
498,Oranjemund,NA,2022-09-27 05:53:14,-28.55,16.4333,55.72,78,0,4.27
499,Ginir,ET,2022-09-27 05:53:15,7.1333,40.7,66.65,58,14,10.07
500,Tautira,PF,2022-09-27 05:53:15,-17.7333,-149.15,77.07,78,7,14.56
501,Goderich,CA,2022-09-27 05:53:16,43.7501,-81.7165,56.91,94,100,13.8
502,Tenosique,MX,2022-09-27 05:53:16,17.4833,-91.4333,71.98,97,31,5.21
503,Mackay,AU,2022-09-27 05:53:16,-21.15,149.2,84.69,64,1,11.83
504,Poddorye,RU,2022-09-27 05:53:17,57.4695,31.1156,44.13,81,7,4.18
505,Whitehorse,CA,2022-09-27 05:53:17,60.7161,-135.0538,52.57,61,100,12.66
506,Sumbe,AO,2022-09-27 05:53:17,-11.2061,13.8437,71.64,85,89,3.22
507,Brae,GB,2022-09-27 05:53:18,60.3964,-1.353,47.61,80,95,10.25
508,Hasaki,JP,2022-09-27 05:53:18,35.7333,140.8333,81.28,68,30,15.37
509,Mareeba,AU,2022-09-27 05:48:55,-17.0,145.4333,85.44,54,0,11.68
510,Mosquera,CO,2022-09-27 05:52:34,4.7059,-74.2302,50.09,81,20,3.44
511,Solnechnyy,RU,2022-09-27 05:53:19,50.7214,136.6319,54.68,38,34,2.51
512,Bannu,PK,2022-09-27 05:53:19,32.9854,70.6027,89.64,39,0,6.4
513,Ballina,AU,2022-09-27 05:48:31,-28.8667,153.5667,77.77,70,36,14.88
514,Caravelas,BR,2022-09-27 05:53:19,-17.7125,-39.2481,69.28,97,26,2.73
515,Nikel,RU,2022-09-27 05:53:20,69.4128,30.222,42.98,89,88,0.81
516,Arkhangelskoye,RU,2022-09-27 05:53:20,55.8549,35.3287,44.29,85,100,3.49
517,Nyurba,RU,2022-09-27 05:53:21,63.2842,118.3319,34.36,61,93,6.58
518,Aden,YE,2022-09-27 05:53:21,12.7794,45.0367,89.28,59,31,4.09
519,Banda Aceh,ID,2022-09-27 05:53:21,5.5577,95.3222,86.02,60,96,17.27
520,La Palma,US,2022-09-27 05:53:21,33.8464,-118.0467,81.91,81,2,1.99
521,Menongue,AO,2022-09-27 05:53:22,-14.6585,17.691,73.18,25,82,3.18
522,Yantal,RU,2022-09-27 05:53:22,56.8471,105.2542,36.01,79,100,3.53
523,Inhambane,MZ,2022-09-27 05:53:22,-23.865,35.3833,77.0,88,20,11.99
524,Berezovyy,RU,2022-09-27 05:53:23,51.6667,135.7,52.38,41,43,10.04
525,Severo-Kurilsk,RU,2022-09-27 05:53:23,50.6789,156.125,51.39,78,4,6.4
526,Hereford,GB,2022-09-27 05:49:33,52.0568,-2.7148,50.5,89,80,14.76
527,Sistranda,NO,2022-09-27 05:53:23,63.7256,8.834,55.36,72,82,28.83
528,Korla,CN,2022-09-27 05:53:24,41.7597,86.1469,81.57,20,5,10.6
529,Boundiali,CI,2022-09-27 05:53:25,9.5217,-6.4869,67.64,92,100,2.68
530,Iranshahr,IR,2022-09-27 05:53:25,27.2025,60.6848,88.14,40,0,4.61
531,Avera,US,2022-09-27 05:53:26,33.194,-82.5271,56.91,55,2,7.65
532,Gunjur,GM,2022-09-27 05:53:26,13.2019,-16.7339,76.15,90,91,11.05
533,Tyler,US,2022-09-27 05:49:33,32.3513,-95.3011,64.15,65,0,0.0
534,Usogorsk,RU,2022-09-27 05:53:26,63.4106,48.6872,36.72,59,97,7.09
535,Luderitz,NA,2022-09-27 05:53:27,-26.6481,15.1594,55.27,75,0,7.94
536,Roma,US,2022-09-27 05:48:44,43.2128,-75.4557,55.81,91,0,6.91
537,Pula,HR,2022-09-27 05:51:36,44.8683,13.8481,57.76,94,20,2.3
538,Sandakan,MY,2022-09-27 05:53:27,5.8402,118.1179,82.08,83,40,6.91
539,Nakonde,ZM,2022-09-27 05:53:28,-9.3421,32.745,72.82,44,5,2.75
540,Xingyi,CN,2022-09-27 05:53:28,24.1877,102.817,72.1,64,34,5.46
541,Lata,PT,2022-09-27 05:53:28,40.1629,-8.3327,48.92,95,3,1.39
542,Aksarka,RU,2022-09-27 05:53:29,66.5606,67.7975,33.08,71,100,17.74
543,Kibala,TD,2022-09-27 05:54:29,9.1104,18.3463,73.63,93,100,2.21
544,Valdosta,US,2022-09-27 05:53:35,30.8327,-83.2785,71.98,69,0,9.22
545,Evensk,RU,2022-09-27 05:54:29,61.95,159.2333,40.05,69,17,3.02
546,Kumluca,TR,2022-09-27 05:54:30,36.3703,30.2869,75.31,38,22,0.56
547,Ankazoabo,MG,2022-09-27 05:54:30,-22.2833,44.5167,85.48,29,0,5.37
548,Los Cordobas,CO,2022-09-27 05:54:30,8.894,-76.3546,77.94,87,76,5.91
549,Poltavka,RU,2022-09-27 05:54:31,54.3663,71.7632,37.15,97,100,8.93
550,Baykit,RU,2022-09-27 05:54:31,61.67,96.37,37.33,57,84,2.82
551,Plettenberg Bay,ZA,2022-09-27 05:54:32,-34.0527,23.3716,62.42,87,76,16.55
552,Ust-Koksa,RU,2022-09-27 05:54:32,50.2696,85.6108,46.63,94,100,5.95
553,Khuzdar,PK,2022-09-27 05:54:32,27.7384,66.6434,81.14,29,0,3.0
